{
  "loss": 1.6963287591934204,
  "accuracy": 0.4444444477558136,
  "precision": 0.4000000059604645,
  "recall": 0.3333333432674408,
  "auc": 0.5609567761421204,
  "f1_score": 0.3636363720105699
}