{
  "loss": 1.7875770330429077,
  "accuracy": 0.4000000059604645,
  "precision": 0.3333333432674408,
  "recall": 0.30000001192092896,
  "auc": 0.5199999809265137,
  "f1_score": 0.3157894847465684
}